{
  "timestamp": "20260210_172955",
  "volatility_model": {
    "best_params": {
      "n_estimators": 496,
      "max_depth": 6,
      "learning_rate": 0.006804969902753306,
      "subsample": 0.9209500039708808,
      "colsample_bytree": 0.9546460881593619,
      "min_child_weight": 6,
      "gamma": 9.523455933694268e-05,
      "objective": "reg:squarederror",
      "random_state": 42,
      "n_jobs": -1
    },
    "best_r2": 0.7563204879546411
  },
  "return_model": {
    "best_params": {
      "n_estimators": 314,
      "max_depth": 4,
      "learning_rate": 0.013728250383906291,
      "subsample": 0.6668543055695109,
      "colsample_bytree": 0.5714334089609704,
      "min_child_weight": 3,
      "gamma": 0.010292247147901223,
      "objective": "reg:squarederror",
      "random_state": 42,
      "n_jobs": -1
    },
    "best_r2": -0.000579253062990522
  }
}