{
  "timestamp": "20260210_172141",
  "volatility_model": {
    "best_params": {
      "n_estimators": 314,
      "max_depth": 4,
      "learning_rate": 0.013728250383906291,
      "subsample": 0.6668543055695109,
      "colsample_bytree": 0.5714334089609704,
      "min_child_weight": 3,
      "gamma": 0.010292247147901223,
      "objective": "reg:squarederror",
      "random_state": 42,
      "n_jobs": -1
    },
    "best_r2": -1.8556232172219789
  },
  "return_model": {
    "best_params": {
      "n_estimators": 314,
      "max_depth": 4,
      "learning_rate": 0.013728250383906291,
      "subsample": 0.6668543055695109,
      "colsample_bytree": 0.5714334089609704,
      "min_child_weight": 3,
      "gamma": 0.010292247147901223,
      "objective": "reg:squarederror",
      "random_state": 42,
      "n_jobs": -1
    },
    "best_r2": -0.0005792533519363893
  }
}